{
  "xgb": {
    "pr_auc": 0.9998211366338562,
    "average_precision": 0.9998211510227857,
    "roc_auc": 0.9999988670966544,
    "precision": 0.9955440900562852,
    "recall": 0.9988235294117647,
    "f1": 0.9971811134601832,
    "recall_at_p90": 0.9995294117647059,
    "threshold": 0.5,
    "tn": 1244467,
    "fp": 19,
    "fn": 5,
    "tp": 4245
  }
}